{
    "precision": 0.9805714798733023,
    "recall": 0.9806745179163622,
    "f1_score": 0.9805798282839737,
    "accuracy": 0.9806724137931034
}