{
    "accuracy": 0.95825,
    "loss": 0.19839204293489457
}