{
    "precision": 0.9651886276949766,
    "recall": 0.9647480889740571,
    "f1_score": 0.9646713869957051,
    "accuracy": 0.964734375
}