{
    "precision": 0.9854463835471986,
    "recall": 0.9855964338827606,
    "f1_score": 0.9854706286296226,
    "accuracy": 0.98555
}