{
    "precision": 0.9758512386906182,
    "recall": 0.975716529635213,
    "f1_score": 0.9756982884589229,
    "accuracy": 0.975703125
}