{
    "precision": 0.9860949890369561,
    "recall": 0.986320183692239,
    "f1_score": 0.9861495408136776,
    "accuracy": 0.98625
}