{
    "precision": 0.9774665414158663,
    "recall": 0.9776870673765108,
    "f1_score": 0.9774687000918304,
    "accuracy": 0.9775689655172414
}