{
    "accuracy": 0.9503383757961783,
    "loss": 0.36638997106035803
}