{
    "precision": 0.9857657065594168,
    "recall": 0.9859147273780012,
    "f1_score": 0.985803980874674,
    "accuracy": 0.985825
}