{
    "accuracy": 0.946656050955414,
    "loss": 0.38628517860060285
}