{
    "precision": 0.9886892176003345,
    "recall": 0.9885465007933059,
    "f1_score": 0.9886086512448566,
    "accuracy": 0.9887
}