{
    "accuracy": 0.990047770700637,
    "loss": 0.06359176979263782
}