{
    "precision": 0.9863084526029734,
    "recall": 0.9862223494008605,
    "f1_score": 0.9862465414274206,
    "accuracy": 0.9864
}