{
    "accuracy": 0.9863654458598726,
    "loss": 0.05327745596006969
}