{
    "precision": 0.9790724997994626,
    "recall": 0.9789318519961272,
    "f1_score": 0.9789520723098495,
    "accuracy": 0.9790862068965517
}