{
    "accuracy": 0.9505374203821656,
    "loss": 0.3545310689005882
}