{
    "precision": 0.9690568426211741,
    "recall": 0.9689219431734262,
    "f1_score": 0.9688540968384147,
    "accuracy": 0.9689375
}