{
    "precision": 0.98510401099979,
    "recall": 0.9852850495435076,
    "f1_score": 0.9851469555313119,
    "accuracy": 0.985325
}